Date,Overall AQI Value,Main Pollutant,Site Name (of Overall AQI),Site ID (of Overall AQI),Source (of Overall AQI),CO,Ozone,SO2,PM10,PM25,NO2
01-01-2017,62,PM2.5,REGIONAL OFFICE BUILDING,17-031-4007,AQS,6,29,16,19,62,36
01-02-2017,74,PM2.5,REGIONAL OFFICE BUILDING,17-031-4007,AQS,5,26,19,25,74,33
01-03-2017,60,PM2.5,REGIONAL OFFICE BUILDING,17-031-4007,AQS,5,30,14,21,60,29
01-04-2017,35,Ozone,COM ED TRAINING CENTER,17-197-1011,AQS,3,35,19,16,27,32
01-05-2017,46,PM2.5,Gary-IITRI/ 1219.5 meters east of Tennessee St.- old ammuntion bunker,18-089-0022,AQS,3,32,13,19,46,34
01-06-2017,58,PM2.5,Ogden Dunes- Water Treatment Plant,18-127-0024,AQS,3,31,14,21,58,36
01-07-2017,54,PM2.5,Gary-IITRI/ 1219.5 meters east of Tennessee St.- old ammuntion bunker,18-089-0022,AQS,3,33,47,46,54,37
01-08-2017,36,NO2,IEPA TRAILER,17-031-3103,AQS,3,32,29,13,33,36
01-09-2017,58,PM2.5,SPRINGFIELD PUMP STATION,17-031-0057,AQS,3,29,21,26,58,30
01-10-2017,52,PM2.5,REGIONAL OFFICE BUILDING,17-031-4007,AQS,2,31,20,9,52,29
01-11-2017,62,PM2.5,REGIONAL OFFICE BUILDING,17-031-4007,AQS,3,28,4,15,62,34
01-12-2017,43,PM2.5,COM ED TRAINING CENTER,17-197-1011,AQS,3,34,10,19,43,35
01/13/2017,46,PM2.5,Gary- Madison St./ Gary Water/ IN American Water Co.,18-089-0031,AQS,5,36,10,22,46,33
01/14/2017,87,PM2.5,PERSHING SCHOOL,17-197-1002,AQS,9,25,10,36,87,42
01/15/2017,102,PM2.5,REGIONAL OFFICE BUILDING,17-031-4007,AQS,13,25,3,51,102,42
01/16/2017,81,PM2.5,GRAVES ES,17-031-3301,AQS,8,24,3,33,81,39
01/17/2017,46,PM2.5,LIBERTY SCHOOL,17-031-6005,AQS,5,31,3,9,46,25
01/18/2017,54,PM2.5,LIBERTY SCHOOL,17-031-6005,AQS,3,34,1,10,54,36
01/19/2017,76,PM2.5,IEPA TRAILER,17-031-3103,AQS,5,19,4,21,76,27
01/20/2017,68,PM2.5,LIBERTY SCHOOL,17-031-6005,AQS,7,22,6,22,68,26
01/21/2017,58,PM2.5,REGIONAL OFFICE BUILDING,17-031-4007,AQS,7,41,4,22,58,40
01/22/2017,60,PM2.5,LIBERTY SCHOOL,17-031-6005,AQS,11,24,1,17,60,23
01/23/2017,45,PM2.5,LIBERTY SCHOOL,17-031-6005,AQS,9,19,1,17,45,25
01/24/2017,51,PM2.5,LIBERTY SCHOOL,17-031-6005,AQS,5,32,3,21,51,29
01/25/2017,55,PM2.5,LIBERTY SCHOOL,17-031-6005,AQS,3,15,4,18,55,35
01/26/2017,44,PM2.5,Gary-IITRI/ 1219.5 meters east of Tennessee St.- old ammuntion bunker,18-089-0022,AQS,2,21,24,19,44,23
01/27/2017,40,PM2.5,COM ED TRAINING CENTER,17-197-1011,AQS,2,30,20,11,40,25
01/28/2017,73,PM2.5,CITY HALL,17-043-4002,AQS,3,33,16,14,73,21
01/29/2017,54,PM2.5,Gary-IITRI/ 1219.5 meters east of Tennessee St.- old ammuntion bunker,18-089-0022,AQS,3,34,27,22,54,25
01/30/2017,38,NO2,CTA BUILDING,17-031-0063,AQS,3,31,13,19,32,38
01/31/2017,38,PM2.5,LIBERTY SCHOOL,17-031-6005,AQS,3,31,36,12,38,21
02-01-2017,52,PM2.5,Gary-IITRI/ 1219.5 meters east of Tennessee St.- old ammuntion bunker,18-089-0022,AQS,3,34,29,25,52,32
02-02-2017,56,PM2.5,Gary-IITRI/ 1219.5 meters east of Tennessee St.- old ammuntion bunker,18-089-0022,AQS,3,33,29,48,56,28
02-03-2017,57,PM2.5,Gary-IITRI/ 1219.5 meters east of Tennessee St.- old ammuntion bunker,18-089-0022,AQS,3,37,20,46,57,38
02-04-2017,39,NO2,COOK COUNTY TRAILER,17-031-4002,AQS,5,31,11,16,36,39
02-05-2017,60,PM2.5,REGIONAL OFFICE BUILDING,17-031-4007,AQS,6,29,23,25,60,41
02-06-2017,80,PM2.5,NORTHBROOK WATER PLANT,17-031-4201,AQS,7,25,4,27,80,35
02-07-2017,58,PM2.5,LIBERTY SCHOOL,17-031-6005,AQS,7,31,24,10,58,27
02-08-2017,33,PM2.5,LIBERTY SCHOOL,17-031-6005,AQS,5,33,7,10,33,25
02-09-2017,43,PM2.5,Gary-IITRI/ 1219.5 meters east of Tennessee St.- old ammuntion bunker,18-089-0022,AQS,3,37,24,35,43,31
02-10-2017,51,PM2.5,LIBERTY SCHOOL,17-031-6005,AQS,3,30,4,19,51,29
02-11-2017,68,PM2.5,SPRINGFIELD PUMP STATION,17-031-0057,AQS,8,31,6,29,68,36
02-12-2017,81,SO2,Gary-IITRI/ 1219.5 meters east of Tennessee St.- old ammuntion bunker,18-089-0022,AQS,6,44,81,58,65,29
02/13/2017,57,SO2,Gary-IITRI/ 1219.5 meters east of Tennessee St.- old ammuntion bunker,18-089-0022,AQS,3,40,57,20,38,37
02/14/2017,44,Ozone,NORTHBROOK WATER PLANT,17-031-4201,AQS,3,44,43,23,39,26
02/15/2017,47,NO2,CTA BUILDING,17-031-0063,AQS,5,42,1,32,25,47
02/16/2017,41,PM2.5,LIBERTY SCHOOL,17-031-6005,AQS,5,37,21,15,41,36
02/17/2017,63,PM2.5,LIBERTY SCHOOL,17-031-6005,AQS,5,39,7,28,63,52
02/18/2017,57,PM2.5,MAYFAIR PUMP STATION,17-031-0052,AQS,7,43,27,41,57,52
02/19/2017,81,PM2.5,Ogden Dunes- Water Treatment Plant,18-127-0024,AQS,16,44,23,56,81,52
02/20/2017,82,PM2.5,NORTHBROOK WATER PLANT,17-031-4201,AQS,8,46,70,23,82,49
02/21/2017,61,PM2.5,REGIONAL OFFICE BUILDING,17-031-4007,AQS,2,38,6,27,61,42
02/22/2017,70,PM2.5,Gary-IITRI/ 1219.5 meters east of Tennessee St.- old ammuntion bunker,18-089-0022,AQS,2,38,4,25,70,33
02/23/2017,53,PM2.5,LIBERTY SCHOOL,17-031-6005,AQS,5,31,24,25,53,24
02/24/2017,55,PM2.5,East Chicago- Franklin School/ Washington School (Ben. Franklin),18-089-0006,AQS,3,31,7,21,55,25
02/25/2017,42,PM2.5,Gary-IITRI/ 1219.5 meters east of Tennessee St.- old ammuntion bunker,18-089-0022,AQS,0,34,14,19,42,21
02/26/2017,43,Ozone,NORTHBROOK WATER PLANT,17-031-4201,AQS,1,43,1,17,41,27
02/27/2017,77,NO2,COM ED MAINTENANCE BLDG,17-031-0076,AQS,3,40,23,37,56,77
02/28/2017,57,PM2.5,LIBERTY SCHOOL,17-031-6005,AQS,1,29,10,19,57,25
03-01-2017,36,PM2.5,LIBERTY SCHOOL,17-031-6005,AQS,3,36,20,16,36,30
03-02-2017,40,Ozone,CHIWAUKEE PRAIRIE STATELINE,55-059-0019,AQS,3,40,16,18,39,27
03-03-2017,42,Ozone,CHIWAUKEE PRAIRIE STATELINE,55-059-0019,AQS,6,42,9,28,38,39
03-04-2017,52,PM2.5,LIBERTY SCHOOL,17-031-6005,AQS,5,38,1,19,52,21
03-05-2017,48,PM2.5,LIBERTY SCHOOL,17-031-6005,AQS,1,42,44,17,48,20
03-06-2017,54,PM2.5,LIBERTY SCHOOL,17-031-6005,AQS,2,35,6,12,54,23
03-07-2017,49,PM2.5,LIBERTY SCHOOL,17-031-6005,AQS,3,44,31,16,49,25
03-08-2017,46,PM10,Gary-IITRI/ 1219.5 meters east of Tennessee St.- old ammuntion bunker,18-089-0022,AQS,3,44,39,46,33,24
03-09-2017,42,Ozone,NORTHBROOK WATER PLANT,17-031-4201,AQS,6,42,3,24,30,36
03-10-2017,53,PM10,Portage- Hwy 12,18-127-0023,AQS,6,39,7,53,32,31
03-11-2017,39,Ozone,NORTHBROOK WATER PLANT,17-031-4201,AQS,7,39,13,22,32,23
03-12-2017,45,PM2.5,SPRINGFIELD PUMP STATION,17-031-0057,AQS,6,41,30,20,45,40
03/13/2017,53,PM2.5,SPRINGFIELD PUMP STATION,17-031-0057,AQS,7,41,6,17,53,22
03/14/2017,44,SO2,ArcelorMittal-Burns Harbor Site 1,18-127-0028,AQS,6,41,44,18,39,36
03/15/2017,54,PM2.5,Gary-IITRI/ 1219.5 meters east of Tennessee St.- old ammuntion bunker,18-089-0022,AQS,5,43,29,29,54,39
03/16/2017,54,PM2.5,SPRINGFIELD PUMP STATION,17-031-0057,AQS,5,45,36,27,54,49
03/17/2017,65,PM2.5,SPRINGFIELD PUMP STATION,17-031-0057,AQS,5,31,16,26,65,39
03/18/2017,42,PM2.5,Gary-IITRI/ 1219.5 meters east of Tennessee St.- old ammuntion bunker,18-089-0022,AQS,3,28,23,16,42,32
03/19/2017,54,NO2,COM ED MAINTENANCE BLDG,17-031-0076,AQS,3,37,7,16,48,54
03/20/2017,63,PM2.5,PERSHING SCHOOL,17-197-1002,AQS,6,36,4,23,63,29
03/21/2017,43,Ozone,NORTHBROOK WATER PLANT,17-031-4201,AQS,6,43,4,35,37,42
03/22/2017,44,Ozone,SOUTH WATER FILTRATION PLANT,17-031-0032,AQS,6,44,16,20,34,36
03/23/2017,56,PM2.5,IEPA TRAILER,17-031-3103,AQS,5,38,4,32,56,38
03/24/2017,54,PM2.5,VILLAGE GARAGE,17-031-0001,AQS,3,49,1,29,54,26
03/25/2017,55,PM2.5,VILLAGE GARAGE,17-031-0001,AQS,7,31,1,17,55,26
03/26/2017,53,PM2.5,VILLAGE GARAGE,17-031-0001,AQS,3,32,1,17,53,27
03/27/2017,48,PM2.5,SPRINGFIELD PUMP STATION,17-031-0057,AQS,7,31,3,22,48,27
03/28/2017,35,Ozone,NORTHBROOK WATER PLANT,17-031-4201,AQS,7,35,1,13,33,24
03/29/2017,43,SO2,ArcelorMittal-Burns Harbor Site 1,18-127-0028,AQS,6,39,43,20,38,36
03/30/2017,45,PM2.5,VILLAGE GARAGE,17-031-0001,AQS,6,36,13,14,45,24
03/31/2017,45,Ozone,SOUTH WATER FILTRATION PLANT,17-031-0032,AQS,10,45,0,11,31,20
04-01-2017,46,Ozone,LARSEN JUNIOR HIGH,17-089-0005,AQS,3,46,11,24,36,45
04-02-2017,51,PM2.5,SPRINGFIELD PUMP STATION,17-031-0057,AQS,7,43,6,22,51,47
04-03-2017,55,PM2.5,VILLAGE GARAGE,17-031-0001,AQS,3,37,13,29,55,39
04-04-2017,46,Ozone,SOUTH WATER FILTRATION PLANT,17-031-0032,AQS,5,46,9,16,38,44
04-05-2017,45,Ozone,SOUTH WATER FILTRATION PLANT,17-031-0032,AQS,5,45,4,12,38,40
04-06-2017,41,Ozone,SOUTH WATER FILTRATION PLANT,17-031-0032,AQS,2,41,1,16,20,26
04-07-2017,48,Ozone,SOUTH WATER FILTRATION PLANT,17-031-0032,AQS,3,48,6,31,23,43
04-08-2017,51,Ozone,NORTHBROOK WATER PLANT,17-031-4201,AQS,5,51,3,20,32,41
04-09-2017,67,Ozone,NORTHBROOK WATER PLANT,17-031-4201,AQS,2,67,3,33,50,14
04-10-2017,48,Ozone,CHIWAUKEE PRAIRIE STATELINE,55-059-0019,AQS,2,48,3,26,44,33
04-11-2017,31,PM2.5,VILLAGE GARAGE,17-031-0001,AQS,2,28,10,16,31,24
04-12-2017,43,Ozone,NORTHBROOK WATER PLANT,17-031-4201,AQS,3,43,6,30,40,32
04/13/2017,52,PM2.5,SPRINGFIELD PUMP STATION,17-031-0057,AQS,2,41,10,24,52,32
04/14/2017,49,PM2.5,VILLAGE GARAGE,17-031-0001,AQS,3,47,10,28,49,40
04/15/2017,67,Ozone,NORTHBROOK WATER PLANT,17-031-4201,AQS,3,67,1,30,53,22
04/16/2017,49,Ozone,NORTHBROOK WATER PLANT,17-031-4201,AQS,2,49,17,14,39,33
04/17/2017,52,PM10,Portage- Hwy 12,18-127-0023,AQS,3,48,21,52,31,48
04/18/2017,67,Ozone,NORTHBROOK WATER PLANT,17-031-4201,AQS,3,67,43,51,38,38
04/19/2017,44,PM2.5,Gary- Madison St./ Gary Water/ IN American Water Co.,18-089-0031,AQS,2,36,24,25,44,30
04/20/2017,45,PM2.5,VILLAGE GARAGE,17-031-0001,AQS,0,34,41,31,45,36
04/21/2017,44,Ozone,SOUTH WATER FILTRATION PLANT,17-031-0032,AQS,2,44,16,34,26,26
04/22/2017,51,NO2,COM ED MAINTENANCE BLDG,17-031-0076,AQS,2,44,23,25,39,51
04/23/2017,69,NO2,CTA BUILDING,17-031-0063,AQS,5,64,17,29,57,69
04/24/2017,84,Ozone,NORTHBROOK WATER PLANT,17-031-4201,AQS,2,84,36,64,45,53
04/25/2017,74,Ozone,NORTHBROOK WATER PLANT,17-031-4201,AQS,3,74,20,48,54,31
04/26/2017,61,Ozone,VALPARAISO,18-127-0026,AQS,2,61,6,59,53,37
04/27/2017,39,Ozone,WATER PLANT,17-031-7002,AQS,2,39,7,12,31,31
04/28/2017,58,PM2.5,SPRINGFIELD PUMP STATION,17-031-0057,AQS,2,42,4,36,58,38
04/29/2017,47,Ozone,NORTHBROOK WATER PLANT,17-031-4201,AQS,2,47,1,18,29,11
04/30/2017,44,Ozone,NORTHBROOK WATER PLANT,17-031-4201,AQS,2,44,3,9,40,22
05-01-2017,40,Ozone,LARSEN JUNIOR HIGH,17-089-0005,AQS,2,40,3,9,38,38
05-02-2017,46,SO2,NIPSCO Dunes Acres,18-127-0011,AQS,3,40,46,9,23,37
05-03-2017,45,Ozone,SOUTH WATER FILTRATION PLANT,17-031-0032,AQS,7,45,26,19,30,39
05-04-2017,53,PM2.5,Gary- Madison St./ Gary Water/ IN American Water Co.,18-089-0031,AQS,11,50,7,14,53,25
05-05-2017,45,Ozone,SOUTH WATER FILTRATION PLANT,17-031-0032,AQS,10,45,3,25,30,25
05-06-2017,48,PM10,Portage- Hwy 12,18-127-0023,AQS,5,45,13,48,25,29
05-07-2017,51,Ozone,SOUTH WATER FILTRATION PLANT,17-031-0032,AQS,5,51,24,16,25,46
05-08-2017,46,SO2,HAMMOND CAAP- Hammond- 141st St.,18-089-2008,AQS,6,46,46,38,25,38
05-09-2017,46,Ozone,SOUTH WATER FILTRATION PLANT,17-031-0032,AQS,6,46,7,19,43,43
05-10-2017,71,Ozone,SOUTH WATER FILTRATION PLANT,17-031-0032,AQS,9,71,11,51,63,45
05-11-2017,90,Ozone,SOUTH WATER FILTRATION PLANT,17-031-0032,AQS,11,90,4,17,52,33
05-12-2017,80,Ozone,SOUTH WATER FILTRATION PLANT,17-031-0032,AQS,14,80,16,31,54,43
05/13/2017,80,Ozone,COOK COUNTY TRAILER,17-031-4002,AQS,8,80,17,41,65,39
05/14/2017,52,PM2.5,VILLAGE GARAGE,17-031-0001,AQS,15,48,20,27,52,31
05/15/2017,77,Ozone,VILLAGE GARAGE,17-031-0001,AQS,7,77,11,39,53,42
05/16/2017,112,Ozone,CHIWAUKEE PRAIRIE STATELINE,55-059-0019,AQS,3,112,4,77,61,31
05/17/2017,96,PM10,VILLAGE HALL,17-031-1016,AQS,3,77,4,96,65,19
05/18/2017,71,Ozone,VILLAGE GARAGE,17-031-0001,AQS,3,71,17,36,45,24
05/19/2017,51,PM2.5,Gary- Madison St./ Gary Water/ IN American Water Co.,18-089-0031,AQS,8,40,6,38,51,14
05/20/2017,49,PM2.5,COM ED MAINTENANCE BLDG,17-031-0076,AQS,5,37,6,20,49,25
05/21/2017,39,Ozone,VILLAGE GARAGE,17-031-0001,AQS,5,39,27,9,37,24
05/22/2017,93,Ozone,VILLAGE GARAGE,17-031-0001,AQS,3,93,3,19,28,20
05/23/2017,48,Ozone,SOUTH WATER FILTRATION PLANT,17-031-0032,AQS,6,48,6,22,38,38
05/24/2017,48,Ozone,CARY GROVE HS,17-111-0001,AQS,23,48,4,18,47,23
05/25/2017,51,Ozone,COOK COUNTY TRAILER,17-031-4002,AQS,3,51,4,21,46,42
05/26/2017,57,PM2.5,LIBERTY SCHOOL,17-031-6005,AQS,7,48,7,39,57,42
05/27/2017,90,Ozone,MORTON ARBORETUM,17-043-6001,AQS,14,90,31,26,49,35
05/28/2017,61,PM2.5,CARY GROVE HS,17-111-0001,AQS,7,58,7,26,61,36
05/29/2017,54,Ozone,COOK COUNTY TRAILER,17-031-4002,AQS,5,54,24,24,40,28
05/30/2017,44,Ozone,SOUTH WATER FILTRATION PLANT,17-031-0032,AQS,3,44,30,29,31,33
05/31/2017,46,Ozone,VILLAGE GARAGE,17-031-0001,AQS,3,46,7,32,32,38
06-01-2017,71,Ozone,MORTON ARBORETUM,17-043-6001,AQS,11,71,47,41,40,45
06-02-2017,147,Ozone,CHIWAUKEE PRAIRIE STATELINE,55-059-0019,AQS,5,147,7,55,56,54
06-03-2017,143,Ozone,LARSEN JUNIOR HIGH,17-089-0005,AQS,8,143,19,63,68,58
06-04-2017,108,Ozone,SOUTH WATER FILTRATION PLANT,17-031-0032,AQS,8,108,17,31,58,27
06-05-2017,67,Ozone,COM ED TRAINING CENTER,17-197-1011,AQS,6,67,13,52,56,41
06-06-2017,41,Ozone,COM ED TRAINING CENTER,17-197-1011,AQS,9,41,1,33,36,18
06-07-2017,42,PM10,Portage- Hwy 12,18-127-0023,AQS,7,41,23,42,37,33
06-08-2017,87,Ozone,COM ED MAINTENANCE BLDG,17-031-0076,AQS,6,87,13,58,62,52
06-09-2017,136,Ozone,VALPARAISO,18-127-0026,AQS,6,136,14,44,55,28
06-10-2017,105,Ozone,VILLAGE GARAGE,17-031-0001,AQS,5,105,3,56,62,37
06-11-2017,100,Ozone,CHIWAUKEE PRAIRIE STATELINE,55-059-0019,AQS,3,100,3,25,58,10
06-12-2017,105,Ozone,CHIWAUKEE PRAIRIE STATELINE,55-059-0019,AQS,3,105,7,33,60,31
06/13/2017,126,Ozone,VILLAGE GARAGE,17-031-0001,AQS,10,126,10,46,62,36
06/14/2017,64,Ozone,KENOSHA - WATER TOWER,55-059-0025,AQS,3,64,6,20,61,28
06/15/2017,150,Ozone,WATER PLANT,17-031-7002,AQS,5,150,26,19,52,52
06/16/2017,97,Ozone,CHIWAUKEE PRAIRIE STATELINE,55-059-0019,AQS,5,97,37,16,34,23
06/17/2017,67,Ozone,VILLAGE GARAGE,17-031-0001,AQS,3,67,13,16,52,25
06/18/2017,45,Ozone,VALPARAISO,18-127-0026,AQS,3,45,39,10,38,25
06/19/2017,44,Ozone,COM ED TRAINING CENTER,17-197-1011,AQS,2,44,24,27,30,28
06/20/2017,48,Ozone,SOUTH WATER FILTRATION PLANT,17-031-0032,AQS,3,48,20,19,34,26
06/21/2017,90,Ozone,LARSEN JUNIOR HIGH,17-089-0005,AQS,5,90,7,34,52,35
06/22/2017,55,PM2.5,COM ED MAINTENANCE BLDG,17-031-0076,AQS,3,54,3,51,55,38
06/23/2017,64,Ozone,SOUTH WATER FILTRATION PLANT,17-031-0032,AQS,5,64,16,25,34,28
06/24/2017,40,Ozone,VALPARAISO,18-127-0026,AQS,2,40,24,30,33,25
06/25/2017,32,Ozone,VALPARAISO,18-127-0026,AQS,2,32,20,20,20,18
06/26/2017,39,SO2,NIPSCO Dunes Acres,18-127-0011,AQS,2,37,39,30,23,20
06/27/2017,46,Ozone,WATER PLANT,17-031-7002,AQS,3,46,31,31,39,28
06/28/2017,54,Ozone,WATER PLANT,17-031-7002,AQS,3,54,3,39,45,33
06/29/2017,54,Ozone,COM ED MAINTENANCE BLDG,17-031-0076,AQS,2,54,6,24,48,49
06/30/2017,90,Ozone,NORTHBROOK WATER PLANT,17-031-4201,AQS,3,90,4,31,61,39
07-01-2017,61,Ozone,Ogden Dunes- Water Treatment Plant,18-127-0024,AQS,3,61,36,25,45,29
07-02-2017,64,Ozone,WATER PLANT,17-031-7002,AQS,3,64,30,23,46,30
07-03-2017,58,Ozone,VILLAGE GARAGE,17-031-0001,AQS,15,58,6,23,53,47
07-04-2017,106,PM2.5,COM ED MAINTENANCE BLDG,17-031-0076,AQS,3,100,16,39,106,29
07-05-2017,105,Ozone,VILLAGE GARAGE,17-031-0001,AQS,3,105,7,52,82,42
07-06-2017,133,Ozone,COM ED MAINTENANCE BLDG,17-031-0076,AQS,5,133,10,40,58,45
07-07-2017,71,Ozone,SOUTH WATER FILTRATION PLANT,17-031-0032,AQS,7,71,6,24,55,29
07-08-2017,41,Ozone,COOK COUNTY TRAILER,17-031-1601,AQS,3,41,16,13,40,32
07-09-2017,58,Ozone,CHIWAUKEE PRAIRIE STATELINE,55-059-0019,AQS,3,58,4,17,38,30
07-10-2017,97,Ozone,WATER PLANT,17-031-7002,AQS,3,97,19,19,45,37
07-11-2017,93,Ozone,CHIWAUKEE PRAIRIE STATELINE,55-059-0019,AQS,3,93,7,23,59,42
07-12-2017,60,PM2.5,Ogden Dunes- Water Treatment Plant,18-127-0024,AQS,3,49,7,25,60,34
07/13/2017,48,PM2.5,REGIONAL OFFICE BUILDING,17-031-4007,AQS,3,44,9,21,48,31
07/14/2017,37,PM2.5,COM ED MAINTENANCE BLDG,17-031-0076,AQS,3,31,7,16,37,23
07/15/2017,49,Ozone,VILLAGE GARAGE,17-031-0001,AQS,5,49,13,19,46,30
07/16/2017,40,PM2.5,COM ED MAINTENANCE BLDG,17-031-0076,AQS,5,37,9,18,40,21
07/17/2017,54,Ozone,COM ED TRAINING CENTER,17-197-1011,AQS,7,54,9,28,48,24
07/18/2017,177,Ozone,COM ED MAINTENANCE BLDG,17-031-0076,AQS,9,177,19,46,61,49
07/19/2017,108,Ozone,VALPARAISO,18-127-0026,AQS,7,108,16,39,53,34
07/20/2017,112,Ozone,SOUTH WATER FILTRATION PLANT,17-031-0032,AQS,5,112,6,20,54,31
07/21/2017,90,Ozone,SOUTH WATER FILTRATION PLANT,17-031-0032,AQS,7,90,7,23,58,35
07/22/2017,90,Ozone,COM ED MAINTENANCE BLDG,17-031-0076,AQS,5,90,3,14,45,24
07/23/2017,105,Ozone,SOUTH WATER FILTRATION PLANT,17-031-0032,AQS,5,105,7,21,55,39
07/24/2017,44,Ozone,COM ED TRAINING CENTER,17-197-1011,AQS,5,44,3,21,36,16
07/25/2017,64,Ozone,CARY GROVE HS,17-111-0001,AQS,2,64,9,24,43,26
07/26/2017,119,Ozone,CHIWAUKEE PRAIRIE STATELINE,55-059-0019,AQS,2,119,6,45,58,30
07/27/2017,71,Ozone,VILLAGE GARAGE,17-031-0001,AQS,5,71,3,28,59,24
07/28/2017,64,PM10,Portage- Hwy 12,18-127-0023,AQS,7,42,3,64,36,12
07/29/2017,37,Ozone,COM ED TRAINING CENTER,17-197-1011,AQS,6,37,6,18,29,16
07/30/2017,58,PM2.5,SPRINGFIELD PUMP STATION,17-031-0057,AQS,10,50,10,38,58,29
07/31/2017,105,Ozone,COM ED MAINTENANCE BLDG,17-031-0076,AQS,6,105,10,34,55,57
08-01-2017,133,Ozone,CHIWAUKEE PRAIRIE STATELINE,55-059-0019,AQS,5,133,4,50,62,46
08-02-2017,93,Ozone,COM ED MAINTENANCE BLDG,17-031-0076,AQS,3,93,19,34,60,41
08-03-2017,51,PM2.5,LIBERTY SCHOOL,17-031-6005,AQS,3,48,6,31,51,27
08-04-2017,28,PM2.5,VILLAGE GARAGE,17-031-0001,AQS,2,28,26,15,28,28
08-05-2017,42,Ozone,WATER PLANT,17-031-7002,AQS,2,42,31,20,39,33
08-06-2017,49,PM2.5,NORTHBROOK WATER PLANT,17-031-4201,AQS,3,39,4,19,49,32
08-07-2017,44,PM2.5,LIBERTY SCHOOL,17-031-6005,AQS,5,43,4,25,44,33
08-08-2017,55,PM2.5,Gary- Burr St./ pumping station near truck stop,18-089-0026,AQS,5,54,19,27,55,42
08-09-2017,54,PM2.5,COM ED MAINTENANCE BLDG,17-031-0076,AQS,3,50,11,43,54,41
08-10-2017,67,Ozone,WATER PLANT,17-031-7002,AQS,2,67,4,47,54,42
08-11-2017,44,Ozone,VILLAGE GARAGE,17-031-0001,AQS,7,44,17,31,36,26
08-12-2017,41,Ozone,COM ED TRAINING CENTER,17-197-1011,AQS,3,41,3,18,40,20
08/13/2017,52,PM2.5,VILLAGE GARAGE,17-031-0001,AQS,6,49,14,21,52,28
08/14/2017,93,Ozone,WATER PLANT,17-031-7002,AQS,5,93,7,46,53,42
08/15/2017,71,Ozone,VILLAGE GARAGE,17-031-0001,AQS,9,71,7,26,52,33
08/16/2017,80,Ozone,REGIONAL OFFICE BUILDING,17-031-4007,AQS,5,80,6,31,54,34
08/17/2017,36,Ozone,VILLAGE GARAGE,17-031-0001,AQS,2,36,14,23,34,27
08/18/2017,45,Ozone,SOUTH WATER FILTRATION PLANT,17-031-0032,AQS,3,45,24,24,36,32
08/19/2017,90,Ozone,COOK COUNTY TRAILER,17-031-1601,AQS,6,90,16,31,56,33
08/20/2017,93,Ozone,KENOSHA - WATER TOWER,55-059-0025,AQS,6,93,9,30,63,31
08/21/2017,51,PM2.5,CARY GROVE HS,17-111-0001,AQS,3,51,10,34,51,29
08/22/2017,42,Ozone,Ogden Dunes- Water Treatment Plant,18-127-0024,AQS,2,42,16,21,40,28
08/23/2017,42,PM2.5,Gary-IITRI/ 1219.5 meters east of Tennessee St.- old ammuntion bunker,18-089-0022,AQS,3,40,17,26,42,32
08/24/2017,38,PM2.5,COM ED MAINTENANCE BLDG,17-031-0076,AQS,3,37,11,27,38,33
08/25/2017,46,Ozone,VILLAGE GARAGE,17-031-0001,AQS,5,46,16,24,41,32
08/26/2017,67,Ozone,CHIWAUKEE PRAIRIE STATELINE,55-059-0019,AQS,5,67,4,23,59,34
08/27/2017,55,PM2.5,NORTHBROOK WATER PLANT,17-031-4201,AQS,3,50,4,19,55,22
08/28/2017,80,Ozone,CHIWAUKEE PRAIRIE STATELINE,55-059-0019,AQS,5,80,4,35,58,44
08/29/2017,61,PM2.5,COM ED MAINTENANCE BLDG,17-031-0076,AQS,7,51,7,40,61,42
08/30/2017,64,Ozone,VILLAGE GARAGE,17-031-0001,AQS,5,64,6,45,63,45
08/31/2017,64,PM2.5,CARY GROVE HS,17-111-0001,AQS,5,38,4,53,64,16
09-01-2017,38,PM2.5,PERSHING SCHOOL,17-197-1002,AQS,5,38,4,24,38,30
09-02-2017,50,PM2.5,COM ED MAINTENANCE BLDG,17-031-0076,AQS,6,46,14,19,50,33
09-03-2017,57,PM2.5,COM ED MAINTENANCE BLDG,17-031-0076,AQS,3,48,10,23,57,28
09-04-2017,62,PM2.5,Gary-IITRI/ 1219.5 meters east of Tennessee St.- old ammuntion bunker,18-089-0022,AQS,3,41,17,40,62,29
09-05-2017,56,PM2.5,Gary-IITRI/ 1219.5 meters east of Tennessee St.- old ammuntion bunker,18-089-0022,AQS,3,33,13,56,56,23
09-06-2017,32,PM10,Gary-IITRI/ 1219.5 meters east of Tennessee St.- old ammuntion bunker,18-089-0022,AQS,3,20,7,32,26,24
09-07-2017,35,Ozone,COM ED TRAINING CENTER,17-197-1011,AQS,3,35,23,30,30,33
09-08-2017,37,Ozone,COM ED TRAINING CENTER,17-197-1011,AQS,6,37,7,22,35,35
09-09-2017,40,Ozone,VILLAGE GARAGE,17-031-0001,AQS,5,40,6,10,35,24
09-10-2017,43,PM2.5,MCKINLEY SCHOOL,17-089-0003,AQS,3,39,6,17,43,32
09-11-2017,49,PM2.5,LIBERTY SCHOOL,17-031-6005,AQS,6,40,13,17,49,34
09-12-2017,64,Ozone,Ogden Dunes- Water Treatment Plant,18-127-0024,AQS,9,64,10,19,47,38
09/13/2017,77,PM2.5,MAYFAIR PUMP STATION,17-031-0052,AQS,7,51,4,12,77,42
09/14/2017,86,NO2,COM ED MAINTENANCE BLDG,17-031-0076,AQS,3,58,6,12,58,86
09/15/2017,71,Ozone,MORTON ARBORETUM,17-043-6001,AQS,5,71,6,17,52,36
09/16/2017,90,Ozone,CHIWAUKEE PRAIRIE STATELINE,55-059-0019,AQS,3,90,6,30,59,23
09/17/2017,77,Ozone,WATER PLANT,17-031-7002,AQS,6,77,7,25,55,18
09/18/2017,43,Ozone,COM ED TRAINING CENTER,17-197-1011,AQS,3,43,7,13,36,23
09/19/2017,54,PM2.5,COM ED MAINTENANCE BLDG,17-031-0076,AQS,7,47,3,17,54,31
09/20/2017,61,PM2.5,SPRINGFIELD PUMP STATION,17-031-0057,AQS,5,58,6,42,61,27
09/21/2017,97,Ozone,SOUTH WATER FILTRATION PLANT,17-031-0032,AQS,6,97,11,43,64,46
09/22/2017,133,Ozone,CHIWAUKEE PRAIRIE STATELINE,55-059-0019,AQS,7,133,46,45,66,43
09/23/2017,115,Ozone,COM ED MAINTENANCE BLDG,17-031-0076,AQS,7,115,10,47,64,42
09/24/2017,136,Ozone,KENOSHA - WATER TOWER,55-059-0025,AQS,6,136,11,38,60,47
09/25/2017,112,Ozone,CHIWAUKEE PRAIRIE STATELINE,55-059-0019,AQS,5,112,13,38,57,48
09/26/2017,87,Ozone,COM ED TRAINING CENTER,17-197-1011,AQS,5,87,4,54,57,42
09/27/2017,46,NO2,CTA BUILDING,17-031-0063,AQS,3,39,3,42,25,46
09/28/2017,42,NO2,COOK COUNTY TRAILER,17-031-4002,AQS,3,39,9,24,33,42
09/29/2017,62,PM10,Portage- Hwy 12,18-127-0023,AQS,7,33,4,62,31,28
09/30/2017,37,Ozone,LARSEN JUNIOR HIGH,17-089-0005,AQS,7,37,20,13,26,27
10-01-2017,44,Ozone,CHIWAUKEE PRAIRIE STATELINE,55-059-0019,AQS,3,44,11,22,32,27
10-02-2017,64,Ozone,CHIWAUKEE PRAIRIE STATELINE,55-059-0019,AQS,2,64,51,32,42,27
10-03-2017,47,PM2.5,LIBERTY SCHOOL,17-031-6005,AQS,2,34,1,29,47,23
10-04-2017,52,PM2.5,LIBERTY SCHOOL,17-031-6005,AQS,5,35,3,16,52,34
10-05-2017,35,PM2.5,LIBERTY SCHOOL,17-031-6005,AQS,7,32,10,21,35,26
10-06-2017,52,PM2.5,SPRINGFIELD PUMP STATION,17-031-0057,AQS,6,34,3,19,52,25
10-07-2017,48,PM2.5,LIBERTY SCHOOL,17-031-6005,AQS,2,42,23,25,48,20
10-08-2017,44,Ozone,KENOSHA - WATER TOWER,55-059-0025,AQS,3,44,11,14,34,36
10-09-2017,74,SO2,NIPSCO Dunes Acres,18-127-0011,AQS,7,46,74,30,48,44
10-10-2017,57,PM2.5,IEPA TRAILER,17-031-3103,AQS,7,32,3,34,57,13
10-11-2017,37,Ozone,CHIWAUKEE PRAIRIE STATELINE,55-059-0019,AQS,5,37,1,6,28,17
10-12-2017,40,PM2.5,VILLAGE GARAGE,17-031-0001,AQS,5,33,4,10,40,23
10/13/2017,45,PM2.5,IEPA TRAILER,17-031-3103,AQS,3,38,3,18,45,29
10/14/2017,50,PM2.5,CITY HALL,17-043-4002,AQS,6,33,3,16,50,30
10/15/2017,34,PM2.5,Gary-IITRI/ 1219.5 meters east of Tennessee St.- old ammuntion bunker,18-089-0022,AQS,3,30,19,24,34,27
10/16/2017,40,NO2,IEPA TRAILER,17-031-3103,AQS,5,32,27,21,31,40
10/17/2017,42,Ozone,CHIWAUKEE PRAIRIE STATELINE,55-059-0019,AQS,5,42,4,32,26,32
10/18/2017,47,Ozone,COM ED TRAINING CENTER,17-197-1011,AQS,2,47,4,25,38,34
10/19/2017,47,NO2,IEPA TRAILER,17-031-3103,AQS,6,41,20,26,41,47
10/20/2017,67,PM2.5,REGIONAL OFFICE BUILDING,17-031-4007,AQS,5,61,6,40,67,42
10/21/2017,51,PM2.5,CITY HALL,17-043-4002,AQS,3,44,6,24,51,20
10/22/2017,41,Ozone,Ogden Dunes- Water Treatment Plant,18-127-0024,AQS,3,41,3,16,40,18
10/23/2017,41,Ozone,Ogden Dunes- Water Treatment Plant,18-127-0024,AQS,5,41,10,8,28,33
10/24/2017,25,NO2,IEPA TRAILER,17-031-3103,AQS,2,23,24,6,24,25
10/25/2017,40,PM2.5,MAYFAIR PUMP STATION,17-031-0052,AQS,6,29,31,14,40,35
10/26/2017,42,PM2.5,SPRINGFIELD PUMP STATION,17-031-0057,AQS,7,32,7,15,42,31
10/27/2017,28,PM2.5,VILLAGE GARAGE,17-031-0001,AQS,2,24,16,21,28,21
10/28/2017,28,Ozone,COM ED TRAINING CENTER,17-197-1011,AQS,2,28,20,6,20,17
10/29/2017,35,Ozone,COM ED TRAINING CENTER,17-197-1011,AQS,2,35,16,9,29,34
10/30/2017,33,SO2,NIPSCO Dunes Acres,18-127-0011,AQS,2,27,33,25,33,18
10/31/2017,29,NO2,COOK COUNTY TRAILER,17-031-4002,AQS,2,28,20,21,28,29
11-01-2017,46,PM2.5,CARY GROVE HS,17-111-0001,AQS,2,21,3,12,46,31
11-02-2017,54,PM2.5,REGIONAL OFFICE BUILDING,17-031-4007,AQS,6,16,3,10,54,25
11-03-2017,44,PM2.5,IEPA TRAILER,17-031-3103,AQS,5,28,7,17,44,22
11-04-2017,53,PM2.5,VILLAGE GARAGE,17-031-0001,AQS,6,22,6,10,53,19
11-05-2017,62,PM2.5,VILLAGE GARAGE,17-031-0001,AQS,7,18,4,16,62,24
11-06-2017,42,PM2.5,VILLAGE GARAGE,17-031-0001,AQS,6,27,3,18,42,26
11-07-2017,38,PM2.5,REGIONAL OFFICE BUILDING,17-031-4007,AQS,7,31,4,18,38,38
11-08-2017,57,PM2.5,VILLAGE GARAGE,17-031-0001,AQS,8,31,7,46,57,44
11-09-2017,44,PM2.5,VILLAGE GARAGE,17-031-0001,AQS,9,33,14,34,44,40
11-10-2017,42,NO2,CTA BUILDING,17-031-0063,AQS,6,31,4,35,37,42
11-11-2017,45,PM2.5,REGIONAL OFFICE BUILDING,17-031-4007,AQS,7,23,3,17,45,30
11-12-2017,70,PM2.5,East Chicago- Franklin School/ Washington School (Ben. Franklin),18-089-0006,AQS,6,15,4,25,70,39
11/13/2017,81,PM2.5,VILLAGE GARAGE,17-031-0001,AQS,6,22,16,44,81,37
11/14/2017,64,PM2.5,MAYFAIR PUMP STATION,17-031-0052,AQS,5,28,3,25,64,33
11/15/2017,58,PM2.5,IEPA TRAILER,17-031-3103,AQS,3,20,14,14,58,26
11/16/2017,28,PM2.5,CITY HALL,17-043-4002,AQS,3,21,19,21,28,25
11/17/2017,50,PM2.5,MAYFAIR PUMP STATION,17-031-0052,AQS,3,17,3,13,50,25
11/18/2017,47,PM2.5,VILLAGE GARAGE,17-031-0001,AQS,5,25,3,11,47,24
11/19/2017,43,PM2.5,Gary-IITRI/ 1219.5 meters east of Tennessee St.- old ammuntion bunker,18-089-0022,AQS,3,29,19,19,43,25
11/20/2017,30,Ozone,COM ED TRAINING CENTER,17-197-1011,AQS,3,30,4,28,29,27
11/21/2017,42,PM2.5,IEPA TRAILER,17-031-3103,AQS,3,25,10,27,42,33
11/22/2017,37,NO2,CTA BUILDING,17-031-0063,AQS,6,27,6,21,34,37
11/23/2017,55,PM2.5,CITY HALL,17-043-4002,AQS,5,26,3,20,55,36
11/24/2017,55,PM2.5,CITY HALL,17-043-4002,AQS,6,28,3,23,55,33
11/25/2017,40,PM2.5,VILLAGE GARAGE,17-031-0001,AQS,7,32,23,35,40,35
11/26/2017,49,PM2.5,VILLAGE GARAGE,17-031-0001,AQS,7,29,4,16,49,37
11/27/2017,167,PM2.5,Gary-IITRI/ 1219.5 meters east of Tennessee St.- old ammuntion bunker,18-089-0022,AQS,7,30,27,80,167,79
11/28/2017,60,PM10,Gary-IITRI/ 1219.5 meters east of Tennessee St.- old ammuntion bunker,18-089-0022,AQS,5,34,51,60,59,39
11/29/2017,60,SO2,Gary-IITRI/ 1219.5 meters east of Tennessee St.- old ammuntion bunker,18-089-0022,AQS,7,29,60,31,36,37
11/30/2017,51,PM2.5,Gary-IITRI/ 1219.5 meters east of Tennessee St.- old ammuntion bunker,18-089-0022,AQS,7,30,40,45,51,34
12-01-2017,53,PM2.5,SPRINGFIELD PUMP STATION,17-031-0057,AQS,10,29,4,44,53,50
12-02-2017,72,PM2.5,REGIONAL OFFICE BUILDING,17-031-4007,AQS,10,29,11,40,72,41
12-03-2017,85,PM2.5,IEPA TRAILER,17-031-3103,AQS,13,32,29,45,85,62
12-04-2017,55,PM2.5,VILLAGE GARAGE,17-031-0001,AQS,3,34,4,52,55,29
12-05-2017,49,PM10,WASHINGTON HS,17-031-0022,AQS,3,31,30,49,38,22
12-06-2017,32,PM10,WASHINGTON HS,17-031-0022,AQS,5,31,31,32,25,32
12-07-2017,33,PM2.5,Ogden Dunes- Water Treatment Plant,18-127-0024,AQS,6,28,11,31,33,25
12-08-2017,51,PM10,WASHINGTON HS,17-031-0022,AQS,3,27,6,51,28,37
12-09-2017,56,PM10,Gary-IITRI/ 1219.5 meters east of Tennessee St.- old ammuntion bunker,18-089-0022,AQS,3,29,11,56,40,26
12-10-2017,34,PM2.5,CITY HALL,17-043-4002,AQS,5,22,4,22,34,25
12-11-2017,59,PM2.5,VILLAGE GARAGE,17-031-0001,AQS,7,30,3,29,59,34
12-12-2017,60,PM10,Gary-IITRI/ 1219.5 meters east of Tennessee St.- old ammuntion bunker,18-089-0022,AQS,5,31,31,60,44,34
12/13/2017,49,PM10,Gary-IITRI/ 1219.5 meters east of Tennessee St.- old ammuntion bunker,18-089-0022,AQS,3,31,26,49,47,29
12/14/2017,50,PM10,Portage- Hwy 12,18-127-0023,AQS,7,31,10,50,38,41
12/15/2017,44,PM2.5,Gary-IITRI/ 1219.5 meters east of Tennessee St.- old ammuntion bunker,18-089-0022,AQS,7,29,14,33,44,37
12/16/2017,51,PM2.5,REGIONAL OFFICE BUILDING,17-031-4007,AQS,7,28,4,35,51,39
12/17/2017,77,PM2.5,REGIONAL OFFICE BUILDING,17-031-4007,AQS,11,29,4,35,77,44
12/18/2017,61,PM2.5,MCKINLEY SCHOOL,17-089-0003,AQS,5,19,6,22,61,28
12/19/2017,61,SO2,NIPSCO Dunes Acres,18-127-0011,AQS,5,30,61,29,48,34
12/20/2017,32,Ozone,Gary-IITRI/ 1219.5 meters east of Tennessee St.- old ammuntion bunker,18-089-0022,AQS,7,32,4,18,31,31
12/21/2017,68,PM2.5,Gary-IITRI/ 1219.5 meters east of Tennessee St.- old ammuntion bunker,18-089-0022,AQS,6,30,11,26,68,31
12/22/2017,75,PM2.5,COM ED TRAINING CENTER,17-197-1011,AQS,6,23,3,28,75,25
12/23/2017,57,PM2.5,COM ED TRAINING CENTER,17-197-1011,AQS,5,27,3,20,57,24
12/24/2017,60,PM2.5,Gary- Madison St./ Gary Water/ IN American Water Co.,18-089-0031,AQS,6,30,17,16,60,30
12/25/2017,34,Ozone,COOK COUNTY TRAILER,17-031-4002,AQS,3,34,31,15,25,16
12/26/2017,38,PM2.5,Ogden Dunes- Water Treatment Plant,18-127-0024,AQS,5,34,23,22,38,38
12/27/2017,63,PM2.5,IEPA TRAILER,17-031-3103,AQS,7,29,6,34,63,42
12/28/2017,60,PM2.5,CITY HALL,17-043-4002,AQS,9,26,3,30,60,50
12/29/2017,68,PM2.5,CITY HALL,17-043-4002,AQS,6,29,10,31,68,38
12/30/2017,62,PM2.5,Gary-IITRI/ 1219.5 meters east of Tennessee St.- old ammuntion bunker,18-089-0022,AQS,7,34,36,35,62,37
12/31/2017,50,PM2.5,Ogden Dunes- Water Treatment Plant,18-127-0024,AQS,7,31,36,20,50,38
01-01-2018,47,PM2.5,Ogden Dunes- Water Treatment Plant,18-127-0024,AQS,6,30,20,18,47,38
01-02-2018,59,PM2.5,East Chicago- Franklin School/ Washington School (Ben. Franklin),18-089-0006,AQS,5,31,3,31,59,36
01-03-2018,59,PM2.5,Gary-IITRI/ 1219.5 meters east of Tennessee St.- old ammuntion bunker,18-089-0022,AQS,7,31,36,28,59,31
01-04-2018,53,PM2.5,Gary-IITRI/ 1219.5 meters east of Tennessee St.- old ammuntion bunker,18-089-0022,AQS,7,33,14,33,53,42
01-05-2018,63,NO2,COM ED MAINTENANCE BLDG,17-031-0076,AQS,8,32,20,35,61,63
01-06-2018,65,PM2.5,Gary-IITRI/ 1219.5 meters east of Tennessee St.- old ammuntion bunker,18-089-0022,AQS,7,31,39,37,65,43
01-07-2018,58,PM2.5,REGIONAL OFFICE BUILDING,17-031-4007,AQS,5,28,3,23,58,31
01-08-2018,74,PM2.5,COM ED TRAINING CENTER,17-197-1011,AQS,5,27,3,20,74,24
01-09-2018,89,PM2.5,MAYFAIR PUMP STATION,17-031-0052,AQS,6,16,1,27,89,30
01-10-2018,53,PM2.5,REGIONAL OFFICE BUILDING,17-031-4007,AQS,6,27,1,13,53,27
01-11-2018,32,PM2.5,PERSHING SCHOOL,17-197-1002,AQS,5,24,4,6,32,30
01-12-2018,58,PM10,Portage- Hwy 12,18-127-0023,AQS,6,38,1,58,30,18
01/13/2018,36,PM2.5,PERSHING SCHOOL,17-197-1002,AQS,7,31,3,19,36,34
01/14/2018,61,PM2.5,Gary- Burr St./ pumping station near truck stop,18-089-0026,AQS,9,29,4,19,61,44
01/15/2018,56,PM2.5,NORTHBROOK WATER PLANT,17-031-4201,AQS,3,29,3,16,56,30
01/16/2018,61,NO2,IEPA TRAILER,17-031-3103,AQS,9,32,10,19,55,61
01/17/2018,62,PM2.5,IEPA TRAILER,17-031-3103,AQS,10,29,13,35,62,42
01/18/2018,61,PM2.5,REGIONAL OFFICE BUILDING,17-031-4007,AQS,3,28,4,40,61,29
01/19/2018,55,PM2.5,COM ED TRAINING CENTER,17-197-1011,AQS,3,31,4,32,55,27
01/20/2018,60,PM2.5,IEPA TRAILER,17-031-3103,AQS,3,25,4,21,60,35
01/21/2018,68,PM2.5,REGIONAL OFFICE BUILDING,17-031-4007,AQS,5,22,4,20,68,28
01/22/2018,38,PM2.5,LIBERTY SCHOOL,17-031-6005,AQS,3,31,7,8,38,33
01/23/2018,53,PM2.5,CARY GROVE HS,17-111-0001,AQS,7,32,3,13,53,23
01/24/2018,41,PM2.5,Ogden Dunes- Water Treatment Plant,18-127-0024,AQS,7,29,3,14,41,31
01/25/2018,59,PM2.5,REGIONAL OFFICE BUILDING,17-031-4007,AQS,6,24,4,21,59,32
01/26/2018,40,PM2.5,REGIONAL OFFICE BUILDING,17-031-4007,AQS,6,38,4,26,40,30
01/27/2018,49,PM2.5,PERSHING SCHOOL,17-197-1002,AQS,6,33,13,21,49,33
01/28/2018,52,PM2.5,SPRINGFIELD PUMP STATION,17-031-0057,AQS,7,32,6,17,52,44
01/29/2018,31,Ozone,CARY GROVE HS,17-111-0001,AQS,6,31,3,25,25,27
01/30/2018,40,NO2,COM ED MAINTENANCE BLDG,17-031-0076,AQS,6,32,17,32,39,40
01/31/2018,48,PM2.5,REGIONAL OFFICE BUILDING,17-031-4007,AQS,3,24,7,37,48,24
02-01-2018,44,PM10,Gary-IITRI/ 1219.5 meters east of Tennessee St.- old ammuntion bunker,18-089-0022,AQS,5,32,13,44,40,23
02-02-2018,32,Ozone,CARY GROVE HS,17-111-0001,AQS,6,32,9,24,27,24
02-03-2018,52,PM2.5,CHIWAUKEE PRAIRIE STATELINE,55-059-0019,AQS,3,28,4,27,52,19
02-04-2018,61,NO2,IEPA TRAILER,17-031-3103,AQS,7,39,4,25,39,61
02-05-2018,45,PM2.5,REGIONAL OFFICE BUILDING,17-031-4007,AQS,7,36,6,18,45,35
02-06-2018,66,PM2.5,PERSHING SCHOOL,17-197-1002,AQS,7,35,6,28,66,53
02-07-2018,71,PM2.5,COM ED TRAINING CENTER,17-197-1011,AQS,7,39,4,24,71,47
02-08-2018,80,PM2.5,Gary- Burr St./ pumping station near truck stop,18-089-0026,AQS,5,41,9,35,80,43
02-09-2018,69,PM2.5,Gary- Burr St./ pumping station near truck stop,18-089-0026,AQS,7,40,4,21,69,54
02-10-2018,53,PM2.5,Gary- Burr St./ pumping station near truck stop,18-089-0026,AQS,7,38,3,13,53,38
02-11-2018,52,PM2.5,PERSHING SCHOOL,17-197-1002,AQS,7,44,11,13,52,44
02-12-2018,64,PM2.5,COM ED TRAINING CENTER,17-197-1011,AQS,7,42,10,19,64,62
02/13/2018,86,PM2.5,IEPA TRAILER,17-031-3103,AQS,13,43,10,34,86,84
02/14/2018,87,PM2.5,REGIONAL OFFICE BUILDING,17-031-4007,AQS,5,37,4,31,87,32
02/15/2018,75,PM2.5,REGIONAL OFFICE BUILDING,17-031-4007,AQS,8,38,4,19,75,46
02/16/2018,62,PM2.5,WASHINGTON HS,17-031-0022,AQS,5,42,4,17,62,36
02/17/2018,58,PM2.5,REGIONAL OFFICE BUILDING,17-031-4007,AQS,6,32,4,24,58,39
02/18/2018,59,PM2.5,REGIONAL OFFICE BUILDING,17-031-4007,AQS,6,36,4,18,59,39
02/19/2018,43,PM2.5,IEPA TRAILER,17-031-3103,AQS,5,25,3,10,43,29
02/20/2018,36,PM2.5,PERSHING SCHOOL,17-197-1002,AQS,6,30,3,8,36,26
02/21/2018,41,Ozone,CAMP LOGAN TRAILER,17-097-1007,AQS,6,41,3,9,37,21
02/22/2018,48,PM2.5,Hammond- 167th St,18-089-0036,AQS,6,40,9,12,48,27
02/23/2018,53,PM2.5,REGIONAL OFFICE BUILDING,17-031-4007,AQS,3,27,10,11,53,27
02/24/2018,53,PM2.5,REGIONAL OFFICE BUILDING,17-031-4007,AQS,5,32,10,13,53,27
02/25/2018,47,Ozone,CAMP LOGAN TRAILER,17-097-1007,AQS,3,47,10,8,40,20
02/26/2018,58,NO2,COM ED MAINTENANCE BLDG,17-031-0076,AQS,6,44,6,28,39,58
02/27/2018,47,Ozone,CAMP LOGAN TRAILER,17-097-1007,AQS,2,47,4,26,27,34
02/28/2018,52,PM2.5,PERSHING SCHOOL,17-197-1002,AQS,14,43,4,25,52,36
03-01-2018,42,NO2,COM ED MAINTENANCE BLDG,17-031-0076,AQS,13,40,3,12,37,42
03-02-2018,76,NO2,COM ED MAINTENANCE BLDG,17-031-0076,AQS,10,44,9,20,38,76
03-03-2018,82,NO2,COM ED MAINTENANCE BLDG,17-031-0076,AQS,8,43,24,34,45,82
03-04-2018,43,Ozone,WATER PLANT,17-031-7002,AQS,2,43,6,18,32,33
03-05-2018,37,Ozone,CHIWAUKEE PRAIRIE STATELINE,55-059-0019,AQS,2,37,9,28,24,23
03-06-2018,60,PM2.5,MAYFAIR PUMP STATION,17-031-0052,AQS,2,36,4,13,60,30
03-07-2018,42,Ozone,CAMP LOGAN TRAILER,17-097-1007,AQS,3,42,10,12,20,22
03-08-2018,51,PM10,Gary-IITRI/ 1219.5 meters east of Tennessee St.- old ammuntion bunker,18-089-0022,AQS,7,42,34,51,44,35
03-09-2018,51,PM2.5,Gary- Burr St./ pumping station near truck stop,18-089-0026,AQS,7,45,14,22,51,43
03-10-2018,53,NO2,COM ED MAINTENANCE BLDG,17-031-0076,AQS,6,48,20,19,40,53
03-11-2018,50,NO2,COM ED MAINTENANCE BLDG,17-031-0076,AQS,5,46,9,29,38,50
03-12-2018,54,PM2.5,Gary-IITRI/ 1219.5 meters east of Tennessee St.- old ammuntion bunker,18-089-0022,AQS,6,48,20,31,54,47
03/13/2018,60,NO2,COM ED MAINTENANCE BLDG,17-031-0076,AQS,5,44,4,51,30,60
03/14/2018,77,NO2,COM ED MAINTENANCE BLDG,17-031-0076,AQS,7,44,16,54,41,77
03/15/2018,54,NO2,COM ED MAINTENANCE BLDG,17-031-0076,AQS,7,49,17,43,52,54
03/16/2018,43,Ozone,WATER PLANT,17-031-7002,AQS,2,43,20,23,34,25
03/17/2018,58,PM2.5,PERSHING SCHOOL,17-197-1002,AQS,6,44,6,15,58,51
03/18/2018,68,PM2.5,PERSHING SCHOOL,17-197-1002,AQS,13,49,16,32,68,61
03/19/2018,53,PM2.5,COM ED TRAINING CENTER,17-197-1011,AQS,9,45,23,34,53,49
03/20/2018,74,PM10,Portage- Hwy 12,18-127-0023,AQS,5,42,20,74,27,12
03/21/2018,44,Ozone,WATER PLANT,17-031-7002,AQS,7,44,4,34,33,37
03/22/2018,49,PM2.5,COM ED TRAINING CENTER,17-197-1011,AQS,6,48,23,19,49,49
03/23/2018,67,NO2,COM ED MAINTENANCE BLDG,17-031-0076,AQS,6,46,13,21,31,67
03/24/2018,50,SO2,ArcelorMittal-Burns Harbor Site 1,18-127-0028,AQS,3,44,50,21,29,16
03/25/2018,46,Ozone,WATER PLANT,17-031-7002,AQS,5,46,17,11,27,21
03/26/2018,161,PM2.5,Ogden Dunes- Water Treatment Plant,18-127-0024,AQS,3,42,13,32,161,33
03/27/2018,60,PM2.5,MCKINLEY SCHOOL,17-089-0003,AQS,5,31,4,12,60,30
03/28/2018,59,PM2.5,REGIONAL OFFICE BUILDING,17-031-4007,AQS,5,39,16,27,59,40
03/29/2018,68,PM2.5,REGIONAL OFFICE BUILDING,17-031-4007,AQS,14,39,4,20,68,53
03/30/2018,50,NO2,COOK COUNTY TRAILER,17-031-4002,AQS,6,46,11,17,40,50
03/31/2018,44,NO2,COOK COUNTY TRAILER,17-031-4002,AQS,5,39,9,15,36,44
04-01-2018,43,Ozone,CAMP LOGAN TRAILER,17-097-1007,AQS,6,43,9,12,24,24
04-02-2018,58,PM2.5,CARY GROVE HS,17-111-0001,AQS,7,45,7,18,58,38
04-03-2018,43,PM2.5,CITY HALL,17-043-4002,AQS,6,42,4,12,43,28
04-04-2018,43,Ozone,CAMP LOGAN TRAILER,17-097-1007,AQS,6,43,40,31,36,25
04-05-2018,52,PM2.5,REGIONAL OFFICE BUILDING,17-031-4007,AQS,7,43,37,17,52,42
04-06-2018,48,Ozone,CAMP LOGAN TRAILER,17-097-1007,AQS,6,48,9,19,46,38
04-07-2018,44,NO2,COM ED MAINTENANCE BLDG,17-031-0076,AQS,6,42,16,18,37,44
04-08-2018,52,PM2.5,Gary- Burr St./ pumping station near truck stop,18-089-0026,AQS,9,50,26,22,52,47
04-09-2018,60,PM2.5,PERSHING SCHOOL,17-197-1002,AQS,5,51,6,15,60,45
04-10-2018,56,PM2.5,Gary-IITRI/ 1219.5 meters east of Tennessee St.- old ammuntion bunker,18-089-0022,AQS,6,49,24,23,56,42
04-11-2018,70,PM2.5,REGIONAL OFFICE BUILDING,17-031-4007,AQS,3,46,9,43,70,45
04-12-2018,64,Ozone,COM ED TRAINING CENTER,17-197-1011,AQS,6,64,17,52,62,41
04/13/2018,57,PM2.5,Hammond- 167th St,18-089-0036,AQS,11,46,17,44,57,34
04/14/2018,45,Ozone,CHIWAUKEE PRAIRIE STATELINE,55-059-0019,AQS,11,45,9,18,39,9
04/15/2018,43,Ozone,CHIWAUKEE PRAIRIE STATELINE,55-059-0019,AQS,5,43,9,5,20,25
04/16/2018,44,Ozone,COM ED TRAINING CENTER,17-197-1011,AQS,7,44,4,10,28,25
04/17/2018,48,Ozone,CARY GROVE HS,17-111-0001,AQS,6,48,14,17,28,30
04/18/2018,60,NO2,COM ED MAINTENANCE BLDG,17-031-0076,AQS,5,45,20,15,34,60
04/19/2018,71,Ozone,CARY GROVE HS,17-111-0001,AQS,10,71,6,26,32,57
04/20/2018,85,SO2,ArcelorMittal-Burns Harbor Site 1,18-127-0028,AQS,9,61,85,51,60,62
04/21/2018,64,SO2,ArcelorMittal-Burns Harbor Site 1,18-127-0028,AQS,7,54,64,41,47,58
04/22/2018,80,Ozone,WATER PLANT,17-031-7002,AQS,3,80,20,23,46,31
04/23/2018,74,Ozone,WATER PLANT,17-031-7002,AQS,15,74,26,60,56,33
04/24/2018,74,Ozone,CHIWAUKEE PRAIRIE STATELINE,55-059-0019,AQS,8,74,19,61,59,36
04/25/2018,43,Ozone,COM ED TRAINING CENTER,17-197-1011,AQS,14,43,4,34,24,35
04/26/2018,67,Ozone,COM ED TRAINING CENTER,17-197-1011,AQS,9,67,30,52,46,51
04/27/2018,51,Ozone,COM ED TRAINING CENTER,17-197-1011,AQS,5,51,4,31,28,36
04/28/2018,45,Ozone,WATER PLANT,17-031-7002,AQS,7,45,1,21,32,36
04/29/2018,61,Ozone,COM ED TRAINING CENTER,17-197-1011,AQS,6,61,24,20,44,47
04/30/2018,74,Ozone,COM ED TRAINING CENTER,17-197-1011,AQS,3,74,6,61,48,46
05-01-2018,93,Ozone,COM ED TRAINING CENTER,17-197-1011,AQS,1,93,4,64,55,31
05-02-2018,59,PM10,WASHINGTON HS,17-031-0022,AQS,3,58,4,59,48,41
05-03-2018,51,PM2.5,LIBERTY SCHOOL,17-031-6005,AQS,8,42,9,45,51,41
05-04-2018,77,Ozone,COM ED TRAINING CENTER,17-197-1011,AQS,3,77,24,20,45,42
05-05-2018,108,Ozone,WATER PLANT,17-031-7002,AQS,3,108,10,36,54,35
05-06-2018,74,Ozone,COM ED TRAINING CENTER,17-197-1011,AQS,6,74,9,38,54,50
05-07-2018,74,Ozone,COM ED TRAINING CENTER,17-197-1011,AQS,11,74,17,60,46,47
05-08-2018,122,Ozone,WATER PLANT,17-031-7002,AQS,5,122,14,47,53,51
05-09-2018,77,Ozone,COM ED TRAINING CENTER,17-197-1011,AQS,3,77,4,43,54,34
05-10-2018,50,Ozone,COM ED TRAINING CENTER,17-197-1011,AQS,3,50,13,29,42,19
05-11-2018,40,PM2.5,Hammond- 167th St,18-089-0036,AQS,5,38,13,17,40,18
05-12-2018,54,PM2.5,Hammond- 167th St,18-089-0036,AQS,6,43,3,20,54,18
05/13/2018,53,PM2.5,Hammond- 167th St,18-089-0036,AQS,17,41,3,15,53,37
05/14/2018,57,PM2.5,VILLAGE HALL,17-031-1016,AQS,7,51,3,24,57,37
05/15/2018,51,Ozone,COM ED TRAINING CENTER,17-197-1011,AQS,6,51,4,11,47,30
05/16/2018,87,Ozone,CARY GROVE HS,17-111-0001,AQS,18,87,9,24,54,52
05/17/2018,90,Ozone,COM ED TRAINING CENTER,17-197-1011,AQS,8,90,10,34,60,58
05/18/2018,49,Ozone,CARY GROVE HS,17-111-0001,AQS,7,49,10,19,43,32
05/19/2018,61,PM2.5,LIBERTY SCHOOL,17-031-6005,AQS,7,41,9,23,61,35
05/20/2018,38,PM2.5,Gary- Madison St./ Gary Water/ IN American Water Co.,18-089-0031,AQS,8,33,1,22,38,26
05/21/2018,59,PM2.5,VILLAGE GARAGE,17-031-0001,AQS,6,30,3,22,59,30
05/22/2018,73,PM2.5,Hammond- 167th St,18-089-0036,AQS,8,43,10,28,73,39
05/23/2018,87,Ozone,LARSEN JUNIOR HIGH,17-089-0005,AQS,9,87,24,46,58,48
05/24/2018,129,Ozone,KENOSHA - WATER TOWER,55-059-0025,AQS,3,129,14,38,57,61
05/25/2018,166,Ozone,WATER PLANT,17-031-7002,AQS,5,166,11,49,60,48
05/26/2018,133,Ozone,WATER PLANT,17-031-7002,AQS,5,133,11,33,60,62
05/27/2018,177,Ozone,NORTHBROOK WATER PLANT,17-031-4201,AQS,6,177,21,34,66,63
05/28/2018,150,Ozone,VILLAGE GARAGE,17-031-0001,AQS,9,150,27,46,65,63
05/29/2018,122,Ozone,LARSEN JUNIOR HIGH,17-089-0005,AQS,18,122,7,57,77,34
05/30/2018,64,Ozone,CHIWAUKEE PRAIRIE STATELINE,55-059-0019,AQS,5,64,4,21,55,29
05/31/2018,97,Ozone,WATER PLANT,17-031-7002,AQS,2,97,34,27,48,35
06-01-2018,59,PM2.5,MAYFAIR PUMP STATION,17-031-0052,AQS,2,50,3,19,59,39
06-02-2018,46,Ozone,COM ED TRAINING CENTER,17-197-1011,AQS,9,46,4,25,44,10
06-03-2018,44,Ozone,VILLAGE GARAGE,17-031-0001,AQS,7,44,11,31,37,24
06-04-2018,115,PM2.5,Gary- Madison St./ Gary Water/ IN American Water Co.,18-089-0031,AQS,2,71,20,28,115,36
06-05-2018,44,Ozone,COM ED TRAINING CENTER,17-197-1011,AQS,8,44,26,38,32,23
06-06-2018,53,NO2,COOK COUNTY TRAILER,17-031-4002,AQS,7,51,4,24,49,53
06-07-2018,126,Ozone,COM ED TRAINING CENTER,17-197-1011,AQS,10,126,17,61,105,41
06-08-2018,52,PM2.5,CITY HALL,17-043-4002,AQS,18,46,3,39,52,30
06-09-2018,67,Ozone,MORTON ARBORETUM,17-043-6001,AQS,14,67,14,21,56,42
06-10-2018,65,PM2.5,SPRINGFIELD PUMP STATION,17-031-0057,AQS,8,44,4,20,65,27
06-11-2018,58,PM2.5,SPRINGFIELD PUMP STATION,17-031-0057,AQS,5,46,3,13,58,20
06-12-2018,81,PM2.5,SPRINGFIELD PUMP STATION,17-031-0057,AQS,5,45,3,21,81,47
06/13/2018,64,Ozone,VILLAGE GARAGE,17-031-0001,AQS,5,64,6,43,61,49
06/14/2018,97,Ozone,VILLAGE GARAGE,17-031-0001,AQS,5,97,10,34,54,50
06/15/2018,129,Ozone,REGIONAL OFFICE BUILDING,17-031-4007,AQS,5,129,4,25,56,43
06/16/2018,108,Ozone,REGIONAL OFFICE BUILDING,17-031-4007,AQS,3,108,7,32,62,21
06/17/2018,60,PM2.5,REGIONAL OFFICE BUILDING,17-031-4007,AQS,3,50,3,25,60,14
06/18/2018,54,PM2.5,SPRINGFIELD PUMP STATION,17-031-0057,AQS,5,45,3,32,54,21
06/19/2018,55,PM2.5,Gary- Madison St./ Gary Water/ IN American Water Co.,18-089-0031,AQS,8,34,11,31,55,23
06/20/2018,54,PM2.5,SPRINGFIELD PUMP STATION,17-031-0057,AQS,10,42,4,24,54,16
06/21/2018,56,PM2.5,SPRINGFIELD PUMP STATION,17-031-0057,AQS,5,45,3,17,56,19
06/22/2018,54,PM2.5,Gary- Madison St./ Gary Water/ IN American Water Co.,18-089-0031,AQS,7,43,3,19,54,17
06/23/2018,71,Ozone,VILLAGE GARAGE,17-031-0001,AQS,6,71,19,19,52,20
06/24/2018,49,PM2.5,SPRINGFIELD PUMP STATION,17-031-0057,AQS,8,49,3,19,49,33
06/25/2018,56,PM2.5,VILLAGE HALL,17-031-1016,AQS,3,45,3,46,56,30
06/26/2018,50,PM2.5,LIBERTY SCHOOL,17-031-6005,AQS,2,47,3,14,50,28
06/27/2018,74,Ozone,WATER PLANT,17-031-7002,AQS,5,74,3,19,54,48
06/28/2018,112,Ozone,VILLAGE GARAGE,17-031-0001,AQS,6,112,6,38,73,48
06/29/2018,119,Ozone,CHIWAUKEE PRAIRIE STATELINE,55-059-0019,AQS,3,119,4,24,59,38
06/30/2018,77,Ozone,WATER PLANT,17-031-7002,AQS,2,77,3,19,63,16
07-01-2018,70,PM2.5,SPRINGFIELD PUMP STATION,17-031-0057,AQS,2,44,3,28,70,11
07-02-2018,90,Ozone,COOK COUNTY TRAILER,17-031-1601,AQS,3,90,9,32,40,37
07-03-2018,129,Ozone,VILLAGE GARAGE,17-031-0001,AQS,5,129,6,45,66,30
07-04-2018,83,PM2.5,LIBERTY SCHOOL,17-031-6005,AQS,2,74,3,16,83,25
07-05-2018,56,PM2.5,LIBERTY SCHOOL,17-031-6005,AQS,2,49,3,28,56,29
07-06-2018,48,Ozone,CARY GROVE HS,17-111-0001,AQS,2,48,14,19,42,13
07-07-2018,74,Ozone,VILLAGE GARAGE,17-031-0001,AQS,2,74,27,36,53,28
07-08-2018,112,Ozone,KENOSHA - WATER TOWER,55-059-0025,AQS,2,112,4,22,55,30
07-09-2018,151,Ozone,WATER PLANT,17-031-7002,AQS,3,151,10,33,56,33
07-10-2018,90,Ozone,COM ED TRAINING CENTER,17-197-1011,AQS,13,90,4,38,57,24
07-11-2018,143,Ozone,VILLAGE GARAGE,17-031-0001,AQS,9,143,7,31,54,23
07-12-2018,93,Ozone,CHIWAUKEE PRAIRIE STATELINE,55-059-0019,AQS,3,93,3,28,60,36
07/13/2018,154,Ozone,CHIWAUKEE PRAIRIE STATELINE,55-059-0019,AQS,3,154,3,34,66,36
07/14/2018,84,Ozone,CHIWAUKEE PRAIRIE STATELINE,55-059-0019,AQS,3,84,3,22,54,26
07/15/2018,151,Ozone,NORTHBROOK WATER PLANT,17-031-4201,AQS,5,151,4,30,64,34
07/16/2018,74,Ozone,VILLAGE GARAGE,17-031-0001,AQS,5,74,4,22,56,32
07/17/2018,44,Ozone,COM ED TRAINING CENTER,17-197-1011,AQS,2,44,3,26,37,21
07/18/2018,45,PM2.5,SPRINGFIELD PUMP STATION,17-031-0057,AQS,2,36,13,17,45,26
07/19/2018,93,Ozone,KENOSHA - WATER TOWER,55-059-0025,AQS,3,93,6,36,51,25
07/20/2018,56,PM2.5,SPRINGFIELD PUMP STATION,17-031-0057,AQS,2,41,6,22,56,20
07/21/2018,46,Ozone,VILLAGE GARAGE,17-031-0001,AQS,2,46,7,11,38,14
07/22/2018,56,PM2.5,Gary- Madison St./ Gary Water/ IN American Water Co.,18-089-0031,AQS,3,41,3,19,56,11
07/23/2018,70,PM2.5,CITY HALL,17-043-4002,AQS,3,51,3,24,70,20
07/24/2018,74,Ozone,COOK COUNTY TRAILER,17-031-1601,AQS,5,74,11,33,62,27
07/25/2018,77,Ozone,VILLAGE GARAGE,17-031-0001,AQS,3,77,10,29,43,26
07/26/2018,44,Ozone,Gary-IITRI/ 1219.5 meters east of Tennessee St.- old ammuntion bunker,18-089-0022,AQS,2,44,13,26,33,26
07/27/2018,41,PM2.5,Gary-IITRI/ 1219.5 meters east of Tennessee St.- old ammuntion bunker,18-089-0022,AQS,3,38,14,27,41,27
07/28/2018,47,PM2.5,Gary-IITRI/ 1219.5 meters east of Tennessee St.- old ammuntion bunker,18-089-0022,AQS,3,47,7,22,47,28
07/29/2018,58,Ozone,REGIONAL OFFICE BUILDING,17-031-4007,AQS,3,58,16,23,56,34
07/30/2018,87,Ozone,WATER PLANT,17-031-7002,AQS,6,87,11,28,48,32
07/31/2018,64,Ozone,WATER PLANT,17-031-7002,AQS,5,64,9,32,57,41
08-01-2018,58,Ozone,WATER PLANT,17-031-7002,AQS,3,58,10,40,56,40
08-02-2018,80,Ozone,SOUTH WATER FILTRATION PLANT,17-031-0032,AQS,2,80,4,35,58,28
08-03-2018,105,Ozone,VILLAGE GARAGE,17-031-0001,AQS,3,105,4,31,60,34
08-04-2018,129,Ozone,CHIWAUKEE PRAIRIE STATELINE,55-059-0019,AQS,3,129,11,25,60,38
08-05-2018,67,Ozone,WATER PLANT,17-031-7002,AQS,2,67,3,23,55,14
08-06-2018,58,Ozone,WATER PLANT,17-031-7002,AQS,5,58,3,25,51,31
08-07-2018,54,PM2.5,LIBERTY SCHOOL,17-031-6005,AQS,5,51,3,30,54,39
08-08-2018,71,Ozone,COM ED TRAINING CENTER,17-197-1011,AQS,5,71,4,21,52,37
08-09-2018,80,Ozone,COM ED TRAINING CENTER,17-197-1011,AQS,3,80,6,31,68,30
08-10-2018,55,PM2.5,CITY HALL,17-043-4002,AQS,7,47,3,25,55,24
08-11-2018,63,PM2.5,CITY HALL,17-043-4002,AQS,6,54,14,21,63,32
08-12-2018,70,PM2.5,CITY HALL,17-043-4002,AQS,6,45,1,29,70,30
08/13/2018,101,Ozone,MORTON ARBORETUM,17-043-6001,AQS,6,101,9,35,71,48
08/14/2018,105,Ozone,CHIWAUKEE PRAIRIE STATELINE,55-059-0019,AQS,5,105,14,51,80,50
08/15/2018,74,PM2.5,VILLAGE HALL,17-031-1016,AQS,5,50,3,40,74,28
08/16/2018,67,Ozone,COOK COUNTY TRAILER,17-031-1601,AQS,3,67,3,33,63,24
08/17/2018,84,Ozone,SOUTH WATER FILTRATION PLANT,17-031-0032,AQS,3,84,3,19,55,36
08/18/2018,64,PM2.5,COM ED MAINTENANCE BLDG,17-031-0076,AQS,2,43,1,29,64,25
08/19/2018,72,PM2.5,COM ED MAINTENANCE BLDG,17-031-0076,AQS,3,67,4,26,72,18
08/20/2018,67,PM2.5,COM ED MAINTENANCE BLDG,17-031-0076,AQS,3,42,7,20,67,28
08/21/2018,66,PM2.5,COM ED MAINTENANCE BLDG,17-031-0076,AQS,3,42,7,22,66,24
08/22/2018,59,PM2.5,COM ED MAINTENANCE BLDG,17-031-0076,AQS,7,39,3,22,59,39
08/23/2018,61,PM2.5,COM ED MAINTENANCE BLDG,17-031-0076,AQS,5,49,9,51,61,37
08/24/2018,62,PM2.5,COM ED MAINTENANCE BLDG,17-031-0076,AQS,2,42,3,27,62,27
08/25/2018,84,PM2.5,COM ED MAINTENANCE BLDG,17-031-0076,AQS,5,45,3,34,84,31
08/26/2018,81,PM2.5,COM ED MAINTENANCE BLDG,17-031-0076,AQS,7,77,3,29,81,29
08/27/2018,80,PM2.5,COM ED MAINTENANCE BLDG,17-031-0076,AQS,3,54,3,57,80,18
08/28/2018,60,PM2.5,COM ED MAINTENANCE BLDG,17-031-0076,AQS,2,45,3,38,60,24
08/29/2018,52,PM2.5,COM ED MAINTENANCE BLDG,17-031-0076,AQS,3,31,7,10,52,24
08/30/2018,48,PM2.5,COM ED MAINTENANCE BLDG,17-031-0076,AQS,6,39,13,18,48,28
08/31/2018,67,Ozone,WATER PLANT,17-031-7002,AQS,3,67,3,28,62,32
09-01-2018,59,PM2.5,COM ED MAINTENANCE BLDG,17-031-0076,AQS,1,39,6,18,59,17
09-02-2018,55,PM2.5,COM ED MAINTENANCE BLDG,17-031-0076,AQS,2,36,4,17,55,24
09-03-2018,56,PM2.5,COM ED MAINTENANCE BLDG,17-031-0076,AQS,2,37,7,18,56,20
09-04-2018,71,Ozone,CHIWAUKEE PRAIRIE STATELINE,55-059-0019,AQS,2,71,3,24,58,17
09-05-2018,57,PM2.5,COM ED MAINTENANCE BLDG,17-031-0076,AQS,2,40,4,36,57,23
09-06-2018,48,PM2.5,COM ED MAINTENANCE BLDG,17-031-0076,AQS,2,32,1,12,48,17
09-07-2018,45,PM2.5,VILLAGE GARAGE,17-031-0001,AQS,3,36,4,14,45,12
09-08-2018,35,PM2.5,VILLAGE GARAGE,17-031-0001,AQS,2,32,4,12,35,7
09-09-2018,36,Ozone,VILLAGE GARAGE,17-031-0001,AQS,1,36,20,18,31,9
09-10-2018,43,Ozone,COM ED TRAINING CENTER,17-197-1011,AQS,2,43,1,23,36,31
09-11-2018,71,Ozone,CARY GROVE HS,17-111-0001,AQS,3,71,10,30,53,38
09-12-2018,67,Ozone,COOK COUNTY TRAILER,17-031-1601,AQS,3,67,7,33,55,29
09/13/2018,55,PM2.5,VILLAGE GARAGE,17-031-0001,AQS,3,48,7,30,55,35
09/14/2018,90,Ozone,VILLAGE GARAGE,17-031-0001,AQS,7,90,6,44,72,36
09/15/2018,80,Ozone,WATER PLANT,17-031-7002,AQS,5,80,7,27,67,44
09/16/2018,57,PM2.5,VILLAGE GARAGE,17-031-0001,AQS,5,47,9,28,57,25
09/17/2018,77,Ozone,VILLAGE GARAGE,17-031-0001,AQS,6,77,21,53,63,48
09/18/2018,56,PM2.5,VILLAGE GARAGE,17-031-0001,AQS,6,37,7,32,56,42
09/19/2018,43,PM2.5,VILLAGE GARAGE,17-031-0001,AQS,6,41,6,31,43,20
09/20/2018,64,PM2.5,LIBERTY SCHOOL,17-031-6005,AQS,3,58,3,53,64,26
09/21/2018,48,PM2.5,LIBERTY SCHOOL,17-031-6005,AQS,2,37,10,42,48,20
09/22/2018,38,PM2.5,CITY HALL,17-043-4002,AQS,2,38,7,13,38,31
09/23/2018,62,PM2.5,CARY GROVE HS,17-111-0001,AQS,5,39,14,19,62,31
09/24/2018,51,PM2.5,COM ED MAINTENANCE BLDG,17-031-0076,AQS,3,36,3,23,51,32
09/25/2018,46,PM2.5,COM ED MAINTENANCE BLDG,17-031-0076,AQS,2,31,4,40,46,25
09/26/2018,35,PM2.5,Gary-IITRI/ 1219.5 meters east of Tennessee St.- old ammuntion bunker,18-089-0022,AQS,3,33,13,25,35,35
09/27/2018,52,PM10,VILLAGE HALL,17-031-1016,AQS,3,39,1,52,33,41
09/28/2018,34,NO2,IEPA TRAILER,17-031-3103,AQS,3,26,16,33,33,34
09/29/2018,67,PM2.5,IEPA TRAILER,17-031-3103,AQS,3,32,7,16,67,23
09/30/2018,49,PM2.5,COM ED MAINTENANCE BLDG,17-031-0076,AQS,5,36,7,23,49,25
10-01-2018,56,PM2.5,COM ED MAINTENANCE BLDG,17-031-0076,AQS,5,36,7,30,56,27
10-02-2018,45,PM2.5,COM ED MAINTENANCE BLDG,17-031-0076,AQS,5,22,4,12,45,26
10-03-2018,54,PM10,VILLAGE HALL,17-031-1016,AQS,3,38,1,54,49,24
10-04-2018,49,PM10,Portage- Hwy 12,18-127-0023,AQS,5,34,10,49,28,20
10-05-2018,54,PM2.5,COM ED MAINTENANCE BLDG,17-031-0076,AQS,5,24,7,23,54,22
10-06-2018,50,PM2.5,COM ED MAINTENANCE BLDG,17-031-0076,AQS,5,26,3,12,50,22
10-07-2018,36,PM2.5,VILLAGE GARAGE,17-031-0001,AQS,3,21,1,10,36,8
10-08-2018,58,PM2.5,COM ED MAINTENANCE BLDG,17-031-0076,AQS,3,38,1,30,58,31
10-09-2018,55,PM2.5,COM ED MAINTENANCE BLDG,17-031-0076,AQS,2,44,3,35,55,32
10-10-2018,41,PM2.5,COM ED MAINTENANCE BLDG,17-031-0076,AQS,2,23,19,10,41,22
10-11-2018,32,NO2,IEPA TRAILER,17-031-3103,AQS,2,31,26,21,23,32
10-12-2018,39,NO2,IEPA TRAILER,17-031-3103,AQS,3,29,21,19,25,39
10/13/2018,41,PM2.5,CITY HALL,17-043-4002,AQS,3,31,17,25,41,21
10/14/2018,57,PM2.5,IEPA TRAILER,17-031-3103,AQS,3,31,4,22,57,24
10/15/2018,53,PM2.5,Gary-IITRI/ 1219.5 meters east of Tennessee St.- old ammuntion bunker,18-089-0022,AQS,3,28,10,21,53,30
10/16/2018,51,PM10,WASHINGTON HS,17-031-0022,AQS,2,34,17,51,23,26
10/17/2018,45,NO2,IEPA TRAILER,17-031-3103,AQS,7,32,27,35,34,45
10/18/2018,71,NO2,IEPA TRAILER,17-031-3103,AQS,8,36,16,62,42,71
10/19/2018,47,PM10,VILLAGE HALL,17-031-1016,AQS,3,27,6,47,33,32
10/20/2018,53,PM10,Gary-IITRI/ 1219.5 meters east of Tennessee St.- old ammuntion bunker,18-089-0022,AQS,3,31,43,53,34,18
10/21/2018,30,Ozone,REGIONAL OFFICE BUILDING,17-031-4007,AQS,3,30,21,16,28,26
10/22/2018,51,PM10,WASHINGTON HS,17-031-0022,AQS,5,34,30,51,34,38
10/23/2018,37,PM2.5,CARY GROVE HS,17-111-0001,AQS,3,28,13,30,37,31
10/24/2018,45,PM2.5,CITY HALL,17-043-4002,AQS,6,30,9,39,45,38
10/25/2018,44,PM10,VILLAGE HALL,17-031-1016,AQS,6,27,10,44,40,36
10/26/2018,60,PM2.5,CITY HALL,17-043-4002,AQS,7,27,11,31,60,26
10/27/2018,66,PM2.5,CITY HALL,17-043-4002,AQS,5,33,4,28,66,30
10/28/2018,48,PM2.5,Gary-IITRI/ 1219.5 meters east of Tennessee St.- old ammuntion bunker,18-089-0022,AQS,5,23,36,23,48,26
10/29/2018,48,PM2.5,Hammond- 167th St,18-089-0036,AQS,5,30,14,26,48,32
10/30/2018,54,PM2.5,COM ED MAINTENANCE BLDG,17-031-0076,AQS,5,33,4,38,54,37
10/31/2018,60,PM2.5,Hammond- 167th St,18-089-0036,AQS,7,31,6,35,60,34
11-01-2018,39,PM2.5,Gary- Madison St./ Gary Water/ IN American Water Co.,18-089-0031,AQS,7,28,7,18,39,31
11-02-2018,33,PM2.5,COM ED MAINTENANCE BLDG,17-031-0076,AQS,6,26,4,16,33,27
11-03-2018,47,PM2.5,CITY HALL,17-043-4002,AQS,7,30,13,18,47,28
11-04-2018,41,PM2.5,COM ED MAINTENANCE BLDG,17-031-0076,AQS,2,27,3,15,41,10
11-05-2018,32,PM2.5,COM ED MAINTENANCE BLDG,17-031-0076,AQS,3,19,3,20,32,21
11-06-2018,33,SO2,NIPSCO Dunes Acres,18-127-0011,AQS,3,17,33,8,28,22
11-07-2018,23,SO2,NIPSCO Dunes Acres,18-127-0011,AQS,3,21,23,14,23,19
11-08-2018,49,PM2.5,Hammond- 167th St,18-089-0036,AQS,7,25,7,23,49,33
11-09-2018,50,PM2.5,Hammond- 167th St,18-089-0036,AQS,6,27,26,22,50,31
11-10-2018,33,SO2,NIPSCO Dunes Acres,18-127-0011,AQS,3,26,33,17,30,19
11-11-2018,53,PM2.5,CITY HALL,17-043-4002,AQS,8,24,4,22,53,29
11-12-2018,52,PM2.5,CITY HALL,17-043-4002,AQS,9,28,4,29,52,30
11/13/2018,38,PM2.5,Gary-IITRI/ 1219.5 meters east of Tennessee St.- old ammuntion bunker,18-089-0022,AQS,6,31,6,22,38,34
11/14/2018,53,PM2.5,Hammond- 167th St,18-089-0036,AQS,7,31,13,31,53,48
11/15/2018,69,PM2.5,CITY HALL,17-043-4002,AQS,6,25,10,35,69,47
11/16/2018,60,PM2.5,Gary-IITRI/ 1219.5 meters east of Tennessee St.- old ammuntion bunker,18-089-0022,AQS,6,21,21,31,60,23
11/17/2018,50,PM2.5,CITY HALL,17-043-4002,AQS,6,26,3,23,50,25
11/18/2018,47,PM2.5,Hammond- 167th St,18-089-0036,AQS,7,28,7,20,47,26
11/19/2018,62,PM2.5,VILLAGE HALL,17-031-1016,AQS,7,24,7,33,62,29
11/20/2018,45,PM2.5,Hammond- 167th St,18-089-0036,AQS,5,25,4,30,45,22
11/21/2018,46,PM2.5,CITY HALL,17-043-4002,AQS,5,32,9,19,46,25
11/22/2018,59,PM2.5,CARY GROVE HS,17-111-0001,AQS,3,26,3,24,59,26
11/23/2018,65,PM2.5,CITY HALL,17-043-4002,AQS,3,26,4,31,65,22
11/24/2018,54,PM2.5,Hammond- 167th St,18-089-0036,AQS,3,20,3,18,54,22
11/25/2018,66,PM2.5,GRAVES ES,17-031-3301,AQS,5,21,4,14,66,22
11/26/2018,40,PM2.5,Gary-IITRI/ 1219.5 meters east of Tennessee St.- old ammuntion bunker,18-089-0022,AQS,7,26,34,20,40,38
11/27/2018,45,PM2.5,CARY GROVE HS,17-111-0001,AQS,5,23,14,22,45,33
11/28/2018,57,PM2.5,Gary- Burr St./ pumping station near truck stop,18-089-0026,AQS,5,26,4,34,57,31
11/29/2018,73,PM2.5,NORTHBROOK WATER PLANT,17-031-4201,AQS,8,16,6,36,73,41
11/30/2018,90,PM2.5,Hammond- 167th St,18-089-0036,AQS,9,17,6,44,90,33
12-01-2018,65,PM2.5,COM ED MAINTENANCE BLDG,17-031-0076,AQS,7,22,3,24,65,22
12-02-2018,30,PM2.5,CARY GROVE HS,17-111-0001,AQS,5,20,4,13,30,27
12-03-2018,31,Ozone,CARY GROVE HS,17-111-0001,AQS,3,31,1,11,21,19
12-04-2018,35,NO2,Gary-IITRI/ 1219.5 meters east of Tennessee St.- old ammuntion bunker,18-089-0022,AQS,6,33,13,21,32,35
12-05-2018,42,PM2.5,SPRINGFIELD PUMP STATION,17-031-0057,AQS,3,30,27,29,42,24
12-06-2018,46,PM2.5,Hammond- 167th St,18-089-0036,AQS,7,29,6,24,46,25
12-07-2018,53,PM2.5,WASHINGTON HS,17-031-0022,AQS,6,25,6,47,53,36
12-08-2018,66,PM2.5,Hammond- 167th St,18-089-0036,AQS,11,27,13,29,66,34
12-09-2018,90,PM2.5,Hammond- 167th St,18-089-0036,AQS,19,27,9,44,90,38
12-10-2018,87,PM2.5,GRAVES ES,17-031-3301,AQS,8,23,10,54,87,36
12-11-2018,101,PM2.5,WASHINGTON HS,17-031-0022,AQS,7,21,20,52,101,38
12-12-2018,75,PM2.5,CHIWAUKEE PRAIRIE STATELINE,55-059-0019,AQS,6,26,17,38,75,28
12/13/2018,85,PM2.5,IEPA TRAILER,17-031-3103,AQS,7,21,39,40,85,47
12/14/2018,90,PM2.5,CHIWAUKEE PRAIRIE STATELINE,55-059-0019,AQS,7,29,1,31,90,27
12/15/2018,65,PM2.5,CITY HALL,17-043-4002,AQS,9,26,20,24,65,30
12/16/2018,62,PM2.5,CITY HALL,17-043-4002,AQS,7,21,30,25,62,30
12/17/2018,39,NO2,COOK COUNTY TRAILER,17-031-4002,AQS,11,31,26,34,38,39
12/18/2018,64,NO2,COOK COUNTY TRAILER,17-031-4002,AQS,14,24,7,51,58,64
12/19/2018,60,PM2.5,VILLAGE HALL,17-031-1016,AQS,3,20,7,42,60,26
12/20/2018,74,PM2.5,REGIONAL OFFICE BUILDING,17-031-4007,AQS,6,19,4,31,74,27
12/21/2018,36,PM2.5,COM ED MAINTENANCE BLDG,17-031-0076,AQS,5,23,1,16,36,19
12/22/2018,54,PM2.5,IEPA TRAILER,17-031-3103,AQS,5,22,1,24,54,23
12/23/2018,46,PM2.5,CITY HALL,17-043-4002,AQS,5,27,14,23,46,23
12/24/2018,48,PM2.5,NORTHBROOK WATER PLANT,17-031-4201,AQS,7,24,17,20,48,32
12/25/2018,67,PM2.5,REGIONAL OFFICE BUILDING,17-031-4007,AQS,8,33,7,25,67,37
12/26/2018,93,PM2.5,NORTHBROOK WATER PLANT,17-031-4201,AQS,13,25,17,45,93,73
12/27/2018,47,PM2.5,LIBERTY SCHOOL,17-031-6005,AQS,3,28,13,15,47,21
12/28/2018,33,PM2.5,LIBERTY SCHOOL,17-031-6005,AQS,2,25,9,17,33,14
12/29/2018,40,PM2.5,Hammond- 167th St,18-089-0036,AQS,3,25,24,18,40,22
12/30/2018,46,PM2.5,Hammond- 167th St,18-089-0036,AQS,2,25,4,23,46,15
12/31/2018,52,PM2.5,IEPA TRAILER,17-031-3103,AQS,6,22,6,19,52,26
